city,cbsa,city_name
"Aberdeen, SD Micro Area",10100,"Aberdeen, SD"
"Aberdeen, WA Micro Area",10140,"Aberdeen, WA"
"Abilene, TX Metro Area",10180,"Abilene, TX"
"Ada, OK Micro Area",10220,"Ada, OK"
"Adrian, MI Micro Area",10300,"Adrian, MI"
"Akron, OH Metro Area",10420,"Akron, OH"
"Alamogordo, NM Micro Area",10460,"Alamogordo, NM"
"Albany, GA Metro Area",10500,"Albany, GA"
"Albany, OR Metro Area",10540,"Albany, OR"
"Albany-Schenectady-Troy, NY Metro Area",10580,"Albany-Schenectady-Troy, NY"
"Albemarle, NC Micro Area",10620,"Albemarle, NC"
"Albert Lea, MN Micro Area",10660,"Albert Lea, MN"
"Albertville, AL Micro Area",10700,"Albertville, AL"
"Albuquerque, NM Metro Area",10740,"Albuquerque, NM"
"Alexander City, AL Micro Area",10760,"Alexander City, AL"
"Alexandria, LA Metro Area",10780,"Alexandria, LA"
"Alexandria, MN Micro Area",10820,"Alexandria, MN"
"Alice, TX Micro Area",10860,"Alice, TX"
"Allentown-Bethlehem-Easton, PA-NJ Metro Area",10900,"Allentown-Bethlehem-Easton, PA-NJ"
"Alma, MI Micro Area",10940,"Alma, MI"
"Alpena, MI Micro Area",10980,"Alpena, MI"
"Altoona, PA Metro Area",11020,"Altoona, PA"
"Altus, OK Micro Area",11060,"Altus, OK"
"Amarillo, TX Metro Area",11100,"Amarillo, TX"
"Americus, GA Micro Area",11140,"Americus, GA"
"Ames, IA Metro Area",11180,"Ames, IA"
"Amsterdam, NY Micro Area",11220,"Amsterdam, NY"
"Anchorage, AK Metro Area",11260,"Anchorage, AK"
"Andrews, TX Micro Area",11380,"Andrews, TX"
"Angola, IN Micro Area",11420,"Angola, IN"
"Ann Arbor, MI Metro Area",11460,"Ann Arbor, MI"
"Anniston-Oxford-Jacksonville, AL Metro Area",11500,"Anniston-Oxford-Jacksonville, AL"
"Appleton, WI Metro Area",11540,"Appleton, WI"
"Arcadia, FL Micro Area",11580,"Arcadia, FL"
"Ardmore, OK Micro Area",11620,"Ardmore, OK"
"Arkadelphia, AR Micro Area",11660,"Arkadelphia, AR"
"Arkansas City-Winfield, KS Micro Area",11680,"Arkansas City-Winfield, KS"
"Asheville, NC Metro Area",11700,"Asheville, NC"
"Ashland, OH Micro Area",11740,"Ashland, OH"
"Ashtabula, OH Micro Area",11780,"Ashtabula, OH"
"Astoria, OR Micro Area",11820,"Astoria, OR"
"Atchison, KS Micro Area",11860,"Atchison, KS"
"Athens, OH Micro Area",11900,"Athens, OH"
"Athens, TN Micro Area",11940,"Athens, TN"
"Athens, TX Micro Area",11980,"Athens, TX"
"Athens-Clarke County, GA Metro Area",12020,"Athens-Clarke County, GA"
"Atlanta-Sandy Springs-Roswell, GA Metro Area",12060,"Atlanta-Sandy Springs-Roswell, GA"
"Atlantic City-Hammonton, NJ Metro Area",12100,"Atlantic City-Hammonton, NJ"
"Atmore, AL Micro Area",12120,"Atmore, AL"
"Auburn, IN Micro Area",12140,"Auburn, IN"
"Auburn, NY Micro Area",12180,"Auburn, NY"
"Auburn-Opelika, AL Metro Area",12220,"Auburn-Opelika, AL"
"Augusta-Richmond County, GA-SC Metro Area",12260,"Augusta-Richmond County, GA-SC"
"Augusta-Waterville, ME Micro Area",12300,"Augusta-Waterville, ME"
"Austin, MN Micro Area",12380,"Austin, MN"
"Austin-Round Rock, TX Metro Area",12420,"Austin-Round Rock, TX"
"Bainbridge, GA Micro Area",12460,"Bainbridge, GA"
"Bakersfield, CA Metro Area",12540,"Bakersfield, CA"
"Baltimore-Columbia-Towson, MD Metro Area",12580,"Baltimore-Columbia-Towson, MD"
"Bangor, ME Metro Area",12620,"Bangor, ME"
"Baraboo, WI Micro Area",12660,"Baraboo, WI"
"Bardstown, KY Micro Area",12680,"Bardstown, KY"
"Barnstable Town, MA Metro Area",12700,"Barnstable Town, MA"
"Barre, VT Micro Area",12740,"Barre, VT"
"Bartlesville, OK Micro Area",12780,"Bartlesville, OK"
"Bastrop, LA Micro Area",12820,"Bastrop, LA"
"Batavia, NY Micro Area",12860,"Batavia, NY"
"Batesville, AR Micro Area",12900,"Batesville, AR"
"Baton Rouge, LA Metro Area",12940,"Baton Rouge, LA"
"Battle Creek, MI Metro Area",12980,"Battle Creek, MI"
"Bay City, MI Metro Area",13020,"Bay City, MI"
"Bay City, TX Micro Area",13060,"Bay City, TX"
"Beatrice, NE Micro Area",13100,"Beatrice, NE"
"Beaumont-Port Arthur, TX Metro Area",13140,"Beaumont-Port Arthur, TX"
"Beaver Dam, WI Micro Area",13180,"Beaver Dam, WI"
"Beckley, WV Metro Area",13220,"Beckley, WV"
"Bedford, IN Micro Area",13260,"Bedford, IN"
"Beeville, TX Micro Area",13300,"Beeville, TX"
"Bellefontaine, OH Micro Area",13340,"Bellefontaine, OH"
"Bellingham, WA Metro Area",13380,"Bellingham, WA"
"Bemidji, MN Micro Area",13420,"Bemidji, MN"
"Bend-Redmond, OR Metro Area",13460,"Bend-Redmond, OR"
"Bennettsville, SC Micro Area",13500,"Bennettsville, SC"
"Bennington, VT Micro Area",13540,"Bennington, VT"
"Berlin, NH-VT Micro Area",13620,"Berlin, NH-VT"
"Big Rapids, MI Micro Area",13660,"Big Rapids, MI"
"Big Spring, TX Micro Area",13700,"Big Spring, TX"
"Big Stone Gap, VA Micro Area",13720,"Big Stone Gap, VA"
"Billings, MT Metro Area",13740,"Billings, MT"
"Binghamton, NY Metro Area",13780,"Binghamton, NY"
"Birmingham-Hoover, AL Metro Area",13820,"Birmingham-Hoover, AL"
"Bismarck, ND Metro Area",13900,"Bismarck, ND"
"Blackfoot, ID Micro Area",13940,"Blackfoot, ID"
"Blacksburg-Christiansburg-Radford, VA Metro Area",13980,"Blacksburg-Christiansburg-Radford, VA"
"Bloomington, IL Metro Area",14010,"Bloomington, IL"
"Bloomington, IN Metro Area",14020,"Bloomington, IN"
"Bloomsburg-Berwick, PA Metro Area",14100,"Bloomsburg-Berwick, PA"
"Bluefield, WV-VA Micro Area",14140,"Bluefield, WV-VA"
"Blytheville, AR Micro Area",14180,"Blytheville, AR"
"Bogalusa, LA Micro Area",14220,"Bogalusa, LA"
"Boise City, ID Metro Area",14260,"Boise City, ID"
"Bonham, TX Micro Area",14300,"Bonham, TX"
"Boone, IA Micro Area",14340,"Boone, IA"
"Boone, NC Micro Area",14380,"Boone, NC"
"Borger, TX Micro Area",14420,"Borger, TX"
"Boston-Cambridge-Newton, MA-NH Metro Area",14460,"Boston-Cambridge-Newton, MA-NH"
"Boulder, CO Metro Area",14500,"Boulder, CO"
"Bowling Green, KY Metro Area",14540,"Bowling Green, KY"
"Bozeman, MT Micro Area",14580,"Bozeman, MT"
"Bradford, PA Micro Area",14620,"Bradford, PA"
"Brainerd, MN Micro Area",14660,"Brainerd, MN"
"Branson, MO Micro Area",14700,"Branson, MO"
"Breckenridge, CO Micro Area",14720,"Breckenridge, CO"
"Bremerton-Silverdale, WA Metro Area",14740,"Bremerton-Silverdale, WA"
"Brenham, TX Micro Area",14780,"Brenham, TX"
"Brevard, NC Micro Area",14820,"Brevard, NC"
"Bridgeport-Stamford-Norwalk, CT Metro Area",14860,"Bridgeport-Stamford-Norwalk, CT"
"Brookhaven, MS Micro Area",15020,"Brookhaven, MS"
"Brookings, OR Micro Area",15060,"Brookings, OR"
"Brookings, SD Micro Area",15100,"Brookings, SD"
"Brownsville, TN Micro Area",15140,"Brownsville, TN"
"Brownsville-Harlingen, TX Metro Area",15180,"Brownsville-Harlingen, TX"
"Brownwood, TX Micro Area",15220,"Brownwood, TX"
"Brunswick, GA Metro Area",15260,"Brunswick, GA"
"Bucyrus, OH Micro Area",15340,"Bucyrus, OH"
"Buffalo-Cheektowaga-Niagara Falls, NY Metro Area",15380,"Buffalo-Cheektowaga-Niagara Falls, NY"
"Burley, ID Micro Area",15420,"Burley, ID"
"Burlington, IA-IL Micro Area",15460,"Burlington, IA-IL"
"Burlington, NC Metro Area",15500,"Burlington, NC"
"Burlington-South Burlington, VT Metro Area",15540,"Burlington-South Burlington, VT"
"Butte-Silver Bow, MT Micro Area",15580,"Butte-Silver Bow, MT"
"Cadillac, MI Micro Area",15620,"Cadillac, MI"
"Calhoun, GA Micro Area",15660,"Calhoun, GA"
"California-Lexington Park, MD Metro Area",15680,"California-Lexington Park, MD"
"Cambridge, MD Micro Area",15700,"Cambridge, MD"
"Cambridge, OH Micro Area",15740,"Cambridge, OH"
"Camden, AR Micro Area",15780,"Camden, AR"
"Campbellsville, KY Micro Area",15820,"Campbellsville, KY"
"Ca単on City, CO Micro Area",15860,"Ca単on City, CO"
"Canton, IL Micro Area",15900,"Canton, IL"
"Canton-Massillon, OH Metro Area",15940,"Canton-Massillon, OH"
"Cape Coral-Fort Myers, FL Metro Area",15980,"Cape Coral-Fort Myers, FL"
"Cape Girardeau, MO-IL Metro Area",16020,"Cape Girardeau, MO-IL"
"Carbondale-Marion, IL Metro Area",16060,"Carbondale-Marion, IL"
"Carlsbad-Artesia, NM Micro Area",16100,"Carlsbad-Artesia, NM"
"Carroll, IA Micro Area",16140,"Carroll, IA"
"Carson City, NV Metro Area",16180,"Carson City, NV"
"Casper, WY Metro Area",16220,"Casper, WY"
"Cedar City, UT Micro Area",16260,"Cedar City, UT"
"Cedar Rapids, IA Metro Area",16300,"Cedar Rapids, IA"
"Cedartown, GA Micro Area",16340,"Cedartown, GA"
"Celina, OH Micro Area",16380,"Celina, OH"
"Central City, KY Micro Area",16420,"Central City, KY"
"Centralia, IL Micro Area",16460,"Centralia, IL"
"Centralia, WA Micro Area",16500,"Centralia, WA"
"Chambersburg-Waynesboro, PA Metro Area",16540,"Chambersburg-Waynesboro, PA"
"Champaign-Urbana, IL Metro Area",16580,"Champaign-Urbana, IL"
"Charleston, WV Metro Area",16620,"Charleston, WV"
"Charleston-Mattoon, IL Micro Area",16660,"Charleston-Mattoon, IL"
"Charleston-North Charleston, SC Metro Area",16700,"Charleston-North Charleston, SC"
"Charlotte-Concord-Gastonia, NC-SC Metro Area",16740,"Charlotte-Concord-Gastonia, NC-SC"
"Charlottesville, VA Metro Area",16820,"Charlottesville, VA"
"Chattanooga, TN-GA Metro Area",16860,"Chattanooga, TN-GA"
"Cheyenne, WY Metro Area",16940,"Cheyenne, WY"
"Chicago-Naperville-Elgin, IL-IN-WI Metro Area",16980,"Chicago-Naperville-Elgin, IL-IN-WI"
"Chico, CA Metro Area",17020,"Chico, CA"
"Chillicothe, OH Micro Area",17060,"Chillicothe, OH"
"Cincinnati, OH-KY-IN Metro Area",17140,"Cincinnati, OH-KY-IN"
"Claremont-Lebanon, NH-VT Micro Area",17200,"Claremont-Lebanon, NH-VT"
"Clarksburg, WV Micro Area",17220,"Clarksburg, WV"
"Clarksdale, MS Micro Area",17260,"Clarksdale, MS"
"Clarksville, TN-KY Metro Area",17300,"Clarksville, TN-KY"
"Clearlake, CA Micro Area",17340,"Clearlake, CA"
"Cleveland, MS Micro Area",17380,"Cleveland, MS"
"Cleveland, TN Metro Area",17420,"Cleveland, TN"
"Cleveland-Elyria, OH Metro Area",17460,"Cleveland-Elyria, OH"
"Clewiston, FL Micro Area",17500,"Clewiston, FL"
"Clinton, IA Micro Area",17540,"Clinton, IA"
"Clovis, NM Micro Area",17580,"Clovis, NM"
"Coeur d'Alene, ID Metro Area",17660,"Coeur d'Alene, ID"
"Coffeyville, KS Micro Area",17700,"Coffeyville, KS"
"Coldwater, MI Micro Area",17740,"Coldwater, MI"
"College Station-Bryan, TX Metro Area",17780,"College Station-Bryan, TX"
"Colorado Springs, CO Metro Area",17820,"Colorado Springs, CO"
"Columbia, MO Metro Area",17860,"Columbia, MO"
"Columbia, SC Metro Area",17900,"Columbia, SC"
"Columbus, GA-AL Metro Area",17980,"Columbus, GA-AL"
"Columbus, IN Metro Area",18020,"Columbus, IN"
"Columbus, MS Micro Area",18060,"Columbus, MS"
"Columbus, NE Micro Area",18100,"Columbus, NE"
"Columbus, OH Metro Area",18140,"Columbus, OH"
"Concord, NH Micro Area",18180,"Concord, NH"
"Connersville, IN Micro Area",18220,"Connersville, IN"
"Cookeville, TN Micro Area",18260,"Cookeville, TN"
"Coos Bay, OR Micro Area",18300,"Coos Bay, OR"
"Cordele, GA Micro Area",18380,"Cordele, GA"
"Corinth, MS Micro Area",18420,"Corinth, MS"
"Cornelia, GA Micro Area",18460,"Cornelia, GA"
"Corning, NY Micro Area",18500,"Corning, NY"
"Corpus Christi, TX Metro Area",18580,"Corpus Christi, TX"
"Corsicana, TX Micro Area",18620,"Corsicana, TX"
"Cortland, NY Micro Area",18660,"Cortland, NY"
"Corvallis, OR Metro Area",18700,"Corvallis, OR"
"Coshocton, OH Micro Area",18740,"Coshocton, OH"
"Craig, CO Micro Area",18780,"Craig, CO"
"Crawfordsville, IN Micro Area",18820,"Crawfordsville, IN"
"Crescent City, CA Micro Area",18860,"Crescent City, CA"
"Crestview-Fort Walton Beach-Destin, FL Metro Area",18880,"Crestview-Fort Walton Beach-Destin, FL"
"Crossville, TN Micro Area",18900,"Crossville, TN"
"Cullman, AL Micro Area",18980,"Cullman, AL"
"Cullowhee, NC Micro Area",19000,"Cullowhee, NC"
"Cumberland, MD-WV Metro Area",19060,"Cumberland, MD-WV"
"Dallas-Fort Worth-Arlington, TX Metro Area",19100,"Dallas-Fort Worth-Arlington, TX"
"Dalton, GA Metro Area",19140,"Dalton, GA"
"Danville, IL Metro Area",19180,"Danville, IL"
"Danville, KY Micro Area",19220,"Danville, KY"
"Danville, VA Micro Area",19260,"Danville, VA"
"Daphne-Fairhope-Foley, AL Metro Area",19300,"Daphne-Fairhope-Foley, AL"
"Davenport-Moline-Rock Island, IA-IL Metro Area",19340,"Davenport-Moline-Rock Island, IA-IL"
"Dayton, OH Metro Area",19380,"Dayton, OH"
"Dayton, TN Micro Area",19420,"Dayton, TN"
"Decatur, AL Metro Area",19460,"Decatur, AL"
"Decatur, IL Metro Area",19500,"Decatur, IL"
"Decatur, IN Micro Area",19540,"Decatur, IN"
"Defiance, OH Micro Area",19580,"Defiance, OH"
"Del Rio, TX Micro Area",19620,"Del Rio, TX"
"Deltona-Daytona Beach-Ormond Beach, FL Metro Area",19660,"Deltona-Daytona Beach-Ormond Beach, FL"
"Deming, NM Micro Area",19700,"Deming, NM"
"Denver-Aurora-Lakewood, CO Metro Area",19740,"Denver-Aurora-Lakewood, CO"
"DeRidder, LA Micro Area",19760,"DeRidder, LA"
"Des Moines-West Des Moines, IA Metro Area",19780,"Des Moines-West Des Moines, IA"
"Detroit-Warren-Dearborn, MI Metro Area",19820,"Detroit-Warren-Dearborn, MI"
"Dickinson, ND Micro Area",19860,"Dickinson, ND"
"Dixon, IL Micro Area",19940,"Dixon, IL"
"Dodge City, KS Micro Area",19980,"Dodge City, KS"
"Dothan, AL Metro Area",20020,"Dothan, AL"
"Douglas, GA Micro Area",20060,"Douglas, GA"
"Dover, DE Metro Area",20100,"Dover, DE"
"Dublin, GA Micro Area",20140,"Dublin, GA"
"DuBois, PA Micro Area",20180,"DuBois, PA"
"Dubuque, IA Metro Area",20220,"Dubuque, IA"
"Duluth, MN-WI Metro Area",20260,"Duluth, MN-WI"
"Dumas, TX Micro Area",20300,"Dumas, TX"
"Duncan, OK Micro Area",20340,"Duncan, OK"
"Dunn, NC Micro Area",20380,"Dunn, NC"
"Durango, CO Micro Area",20420,"Durango, CO"
"Durant, OK Micro Area",20460,"Durant, OK"
"Durham-Chapel Hill, NC Metro Area",20500,"Durham-Chapel Hill, NC"
"Dyersburg, TN Micro Area",20540,"Dyersburg, TN"
"Eagle Pass, TX Micro Area",20580,"Eagle Pass, TX"
"Easton, MD Micro Area",20660,"Easton, MD"
"East Stroudsburg, PA Metro Area",20700,"East Stroudsburg, PA"
"Eau Claire, WI Metro Area",20740,"Eau Claire, WI"
"Edwards, CO Micro Area",20780,"Edwards, CO"
"Effingham, IL Micro Area",20820,"Effingham, IL"
"El Campo, TX Micro Area",20900,"El Campo, TX"
"El Centro, CA Metro Area",20940,"El Centro, CA"
"El Dorado, AR Micro Area",20980,"El Dorado, AR"
"Elizabeth City, NC Micro Area",21020,"Elizabeth City, NC"
"Elizabethtown-Fort Knox, KY Metro Area",21060,"Elizabethtown-Fort Knox, KY"
"Elk City, OK Micro Area",21120,"Elk City, OK"
"Elkhart-Goshen, IN Metro Area",21140,"Elkhart-Goshen, IN"
"Elkins, WV Micro Area",21180,"Elkins, WV"
"Elko, NV Micro Area",21220,"Elko, NV"
"Ellensburg, WA Micro Area",21260,"Ellensburg, WA"
"Elmira, NY Metro Area",21300,"Elmira, NY"
"El Paso, TX Metro Area",21340,"El Paso, TX"
"Emporia, KS Micro Area",21380,"Emporia, KS"
"Enid, OK Metro Area",21420,"Enid, OK"
"Enterprise, AL Micro Area",21460,"Enterprise, AL"
"Erie, PA Metro Area",21500,"Erie, PA"
"Escanaba, MI Micro Area",21540,"Escanaba, MI"
"Espa単ola, NM Micro Area",21580,"Espa単ola, NM"
"Eufaula, AL-GA Micro Area",21640,"Eufaula, AL-GA"
"Eugene, OR Metro Area",21660,"Eugene, OR"
"Eureka-Arcata-Fortuna, CA Micro Area",21700,"Eureka-Arcata-Fortuna, CA"
"Evanston, WY Micro Area",21740,"Evanston, WY"
"Evansville, IN-KY Metro Area",21780,"Evansville, IN-KY"
"Fairbanks, AK Metro Area",21820,"Fairbanks, AK"
"Fairfield, IA Micro Area",21840,"Fairfield, IA"
"Fairmont, MN Micro Area",21860,"Fairmont, MN"
"Fairmont, WV Micro Area",21900,"Fairmont, WV"
"Fallon, NV Micro Area",21980,"Fallon, NV"
"Fargo, ND-MN Metro Area",22020,"Fargo, ND-MN"
"Faribault-Northfield, MN Micro Area",22060,"Faribault-Northfield, MN"
"Farmington, MO Micro Area",22100,"Farmington, MO"
"Farmington, NM Metro Area",22140,"Farmington, NM"
"Fayetteville, NC Metro Area",22180,"Fayetteville, NC"
"Fayetteville-Springdale-Rogers, AR-MO Metro Area",22220,"Fayetteville-Springdale-Rogers, AR-MO"
"Fergus Falls, MN Micro Area",22260,"Fergus Falls, MN"
"Fernley, NV Micro Area",22280,"Fernley, NV"
"Findlay, OH Micro Area",22300,"Findlay, OH"
"Fitzgerald, GA Micro Area",22340,"Fitzgerald, GA"
"Flagstaff, AZ Metro Area",22380,"Flagstaff, AZ"
"Flint, MI Metro Area",22420,"Flint, MI"
"Florence, SC Metro Area",22500,"Florence, SC"
"Florence-Muscle Shoals, AL Metro Area",22520,"Florence-Muscle Shoals, AL"
"Fond du Lac, WI Metro Area",22540,"Fond du Lac, WI"
"Forest City, NC Micro Area",22580,"Forest City, NC"
"Forrest City, AR Micro Area",22620,"Forrest City, AR"
"Fort Collins, CO Metro Area",22660,"Fort Collins, CO"
"Fort Dodge, IA Micro Area",22700,"Fort Dodge, IA"
"Fort Leonard Wood, MO Micro Area",22780,"Fort Leonard Wood, MO"
"Fort Madison-Keokuk, IA-IL-MO Micro Area",22800,"Fort Madison-Keokuk, IA-IL-MO"
"Fort Morgan, CO Micro Area",22820,"Fort Morgan, CO"
"Fort Payne, AL Micro Area",22840,"Fort Payne, AL"
"Fort Polk South, LA Micro Area",22860,"Fort Polk South, LA"
"Fort Smith, AR-OK Metro Area",22900,"Fort Smith, AR-OK"
"Fort Wayne, IN Metro Area",23060,"Fort Wayne, IN"
"Frankfort, IN Micro Area",23140,"Frankfort, IN"
"Frankfort, KY Micro Area",23180,"Frankfort, KY"
"Fredericksburg, TX Micro Area",23240,"Fredericksburg, TX"
"Freeport, IL Micro Area",23300,"Freeport, IL"
"Fremont, NE Micro Area",23340,"Fremont, NE"
"Fremont, OH Micro Area",23380,"Fremont, OH"
"Fresno, CA Metro Area",23420,"Fresno, CA"
"Gadsden, AL Metro Area",23460,"Gadsden, AL"
"Gaffney, SC Micro Area",23500,"Gaffney, SC"
"Gainesville, FL Metro Area",23540,"Gainesville, FL"
"Gainesville, GA Metro Area",23580,"Gainesville, GA"
"Gainesville, TX Micro Area",23620,"Gainesville, TX"
"Galesburg, IL Micro Area",23660,"Galesburg, IL"
"Gallup, NM Micro Area",23700,"Gallup, NM"
"Garden City, KS Micro Area",23780,"Garden City, KS"
"Gardnerville Ranchos, NV Micro Area",23820,"Gardnerville Ranchos, NV"
"Georgetown, SC Micro Area",23860,"Georgetown, SC"
"Gettysburg, PA Metro Area",23900,"Gettysburg, PA"
"Gillette, WY Micro Area",23940,"Gillette, WY"
"Glasgow, KY Micro Area",23980,"Glasgow, KY"
"Glens Falls, NY Metro Area",24020,"Glens Falls, NY"
"Glenwood Springs, CO Micro Area",24060,"Glenwood Springs, CO"
"Gloversville, NY Micro Area",24100,"Gloversville, NY"
"Goldsboro, NC Metro Area",24140,"Goldsboro, NC"
"Grand Forks, ND-MN Metro Area",24220,"Grand Forks, ND-MN"
"Grand Island, NE Metro Area",24260,"Grand Island, NE"
"Grand Junction, CO Metro Area",24300,"Grand Junction, CO"
"Grand Rapids, MN Micro Area",24330,"Grand Rapids, MN"
"Grand Rapids-Wyoming, MI Metro Area",24340,"Grand Rapids-Wyoming, MI"
"Grants, NM Micro Area",24380,"Grants, NM"
"Grants Pass, OR Metro Area",24420,"Grants Pass, OR"
"Great Bend, KS Micro Area",24460,"Great Bend, KS"
"Great Falls, MT Metro Area",24500,"Great Falls, MT"
"Greeley, CO Metro Area",24540,"Greeley, CO"
"Green Bay, WI Metro Area",24580,"Green Bay, WI"
"Greeneville, TN Micro Area",24620,"Greeneville, TN"
"Greenfield Town, MA Micro Area",24640,"Greenfield Town, MA"
"Greensboro-High Point, NC Metro Area",24660,"Greensboro-High Point, NC"
"Greensburg, IN Micro Area",24700,"Greensburg, IN"
"Greenville, MS Micro Area",24740,"Greenville, MS"
"Greenville, NC Metro Area",24780,"Greenville, NC"
"Greenville, OH Micro Area",24820,"Greenville, OH"
"Greenville-Anderson-Mauldin, SC Metro Area",24860,"Greenville-Anderson-Mauldin, SC"
"Greenwood, MS Micro Area",24900,"Greenwood, MS"
"Greenwood, SC Micro Area",24940,"Greenwood, SC"
"Grenada, MS Micro Area",24980,"Grenada, MS"
"Gulfport-Biloxi-Pascagoula, MS Metro Area",25060,"Gulfport-Biloxi-Pascagoula, MS"
"Guymon, OK Micro Area",25100,"Guymon, OK"
"Hagerstown-Martinsburg, MD-WV Metro Area",25180,"Hagerstown-Martinsburg, MD-WV"
"Hailey, ID Micro Area",25200,"Hailey, ID"
"Hammond, LA Metro Area",25220,"Hammond, LA"
"Hanford-Corcoran, CA Metro Area",25260,"Hanford-Corcoran, CA"
"Hannibal, MO Micro Area",25300,"Hannibal, MO"
"Harrisburg-Carlisle, PA Metro Area",25420,"Harrisburg-Carlisle, PA"
"Harrison, AR Micro Area",25460,"Harrison, AR"
"Harrisonburg, VA Metro Area",25500,"Harrisonburg, VA"
"Hartford-West Hartford-East Hartford, CT Metro Area",25540,"Hartford-West Hartford-East Hartford, CT"
"Hastings, NE Micro Area",25580,"Hastings, NE"
"Hattiesburg, MS Metro Area",25620,"Hattiesburg, MS"
"Hays, KS Micro Area",25700,"Hays, KS"
"Heber, UT Micro Area",25720,"Heber, UT"
"Helena, MT Micro Area",25740,"Helena, MT"
"Helena-West Helena, AR Micro Area",25760,"Helena-West Helena, AR"
"Henderson, NC Micro Area",25780,"Henderson, NC"
"Hereford, TX Micro Area",25820,"Hereford, TX"
"Hermiston-Pendleton, OR Micro Area",25840,"Hermiston-Pendleton, OR"
"Hickory-Lenoir-Morganton, NC Metro Area",25860,"Hickory-Lenoir-Morganton, NC"
"Hillsdale, MI Micro Area",25880,"Hillsdale, MI"
"Hilo, HI Micro Area",25900,"Hilo, HI"
"Hilton Head Island-Bluffton-Beaufort, SC Metro Area",25940,"Hilton Head Island-Bluffton-Beaufort, SC"
"Hinesville, GA Metro Area",25980,"Hinesville, GA"
"Hobbs, NM Micro Area",26020,"Hobbs, NM"
"Holland, MI Micro Area",26090,"Holland, MI"
"Homosassa Springs, FL Metro Area",26140,"Homosassa Springs, FL"
"Hood River, OR Micro Area",26220,"Hood River, OR"
"Hope, AR Micro Area",26260,"Hope, AR"
"Hot Springs, AR Metro Area",26300,"Hot Springs, AR"
"Houghton, MI Micro Area",26340,"Houghton, MI"
"Houma-Thibodaux, LA Metro Area",26380,"Houma-Thibodaux, LA"
"Houston-The Woodlands-Sugar Land, TX Metro Area",26420,"Houston-The Woodlands-Sugar Land, TX"
"Hudson, NY Micro Area",26460,"Hudson, NY"
"Huntingdon, PA Micro Area",26500,"Huntingdon, PA"
"Huntington, IN Micro Area",26540,"Huntington, IN"
"Huntington-Ashland, WV-KY-OH Metro Area",26580,"Huntington-Ashland, WV-KY-OH"
"Huntsville, AL Metro Area",26620,"Huntsville, AL"
"Huntsville, TX Micro Area",26660,"Huntsville, TX"
"Huron, SD Micro Area",26700,"Huron, SD"
"Hutchinson, KS Micro Area",26740,"Hutchinson, KS"
"Hutchinson, MN Micro Area",26780,"Hutchinson, MN"
"Idaho Falls, ID Metro Area",26820,"Idaho Falls, ID"
"Indiana, PA Micro Area",26860,"Indiana, PA"
"Indianapolis-Carmel-Anderson, IN Metro Area",26900,"Indianapolis-Carmel-Anderson, IN"
"Indianola, MS Micro Area",26940,"Indianola, MS"
"Ionia, MI Micro Area",26960,"Ionia, MI"
"Iowa City, IA Metro Area",26980,"Iowa City, IA"
"Iron Mountain, MI-WI Micro Area",27020,"Iron Mountain, MI-WI"
"Ithaca, NY Metro Area",27060,"Ithaca, NY"
"Jackson, MI Metro Area",27100,"Jackson, MI"
"Jackson, MS Metro Area",27140,"Jackson, MS"
"Jackson, OH Micro Area",27160,"Jackson, OH"
"Jackson, TN Metro Area",27180,"Jackson, TN"
"Jackson, WY-ID Micro Area",27220,"Jackson, WY-ID"
"Jacksonville, FL Metro Area",27260,"Jacksonville, FL"
"Jacksonville, IL Micro Area",27300,"Jacksonville, IL"
"Jacksonville, NC Metro Area",27340,"Jacksonville, NC"
"Jacksonville, TX Micro Area",27380,"Jacksonville, TX"
"Jamestown, ND Micro Area",27420,"Jamestown, ND"
"Jamestown-Dunkirk-Fredonia, NY Micro Area",27460,"Jamestown-Dunkirk-Fredonia, NY"
"Janesville-Beloit, WI Metro Area",27500,"Janesville-Beloit, WI"
"Jasper, IN Micro Area",27540,"Jasper, IN"
"Jefferson, GA Micro Area",27600,"Jefferson, GA"
"Jefferson City, MO Metro Area",27620,"Jefferson City, MO"
"Jennings, LA Micro Area",27660,"Jennings, LA"
"Jesup, GA Micro Area",27700,"Jesup, GA"
"Johnson City, TN Metro Area",27740,"Johnson City, TN"
"Johnstown, PA Metro Area",27780,"Johnstown, PA"
"Jonesboro, AR Metro Area",27860,"Jonesboro, AR"
"Joplin, MO Metro Area",27900,"Joplin, MO"
"Junction City, KS Micro Area",27920,"Junction City, KS"
"Juneau, AK Micro Area",27940,"Juneau, AK"
"Kahului-Wailuku-Lahaina, HI Metro Area",27980,"Kahului-Wailuku-Lahaina, HI"
"Kalamazoo-Portage, MI Metro Area",28020,"Kalamazoo-Portage, MI"
"Kalispell, MT Micro Area",28060,"Kalispell, MT"
"Kankakee, IL Metro Area",28100,"Kankakee, IL"
"Kansas City, MO-KS Metro Area",28140,"Kansas City, MO-KS"
"Kapaa, HI Micro Area",28180,"Kapaa, HI"
"Kearney, NE Micro Area",28260,"Kearney, NE"
"Keene, NH Micro Area",28300,"Keene, NH"
"Kendallville, IN Micro Area",28340,"Kendallville, IN"
"Kennett, MO Micro Area",28380,"Kennett, MO"
"Kennewick-Richland, WA Metro Area",28420,"Kennewick-Richland, WA"
"Kerrville, TX Micro Area",28500,"Kerrville, TX"
"Ketchikan, AK Micro Area",28540,"Ketchikan, AK"
"Key West, FL Micro Area",28580,"Key West, FL"
"Kill Devil Hills, NC Micro Area",28620,"Kill Devil Hills, NC"
"Killeen-Temple, TX Metro Area",28660,"Killeen-Temple, TX"
"Kingsport-Bristol-Bristol, TN-VA Metro Area",28700,"Kingsport-Bristol-Bristol, TN-VA"
"Kingston, NY Metro Area",28740,"Kingston, NY"
"Kingsville, TX Micro Area",28780,"Kingsville, TX"
"Kinston, NC Micro Area",28820,"Kinston, NC"
"Kirksville, MO Micro Area",28860,"Kirksville, MO"
"Klamath Falls, OR Micro Area",28900,"Klamath Falls, OR"
"Knoxville, TN Metro Area",28940,"Knoxville, TN"
"Kokomo, IN Metro Area",29020,"Kokomo, IN"
"Laconia, NH Micro Area",29060,"Laconia, NH"
"La Crosse-Onalaska, WI-MN Metro Area",29100,"La Crosse-Onalaska, WI-MN"
"Lafayette, LA Metro Area",29180,"Lafayette, LA"
"Lafayette-West Lafayette, IN Metro Area",29200,"Lafayette-West Lafayette, IN"
"La Grande, OR Micro Area",29260,"La Grande, OR"
"LaGrange, GA Micro Area",29300,"LaGrange, GA"
"Lake Charles, LA Metro Area",29340,"Lake Charles, LA"
"Lake City, FL Micro Area",29380,"Lake City, FL"
"Lake Havasu City-Kingman, AZ Metro Area",29420,"Lake Havasu City-Kingman, AZ"
"Lakeland-Winter Haven, FL Metro Area",29460,"Lakeland-Winter Haven, FL"
"Lamesa, TX Micro Area",29500,"Lamesa, TX"
"Lancaster, PA Metro Area",29540,"Lancaster, PA"
"Lansing-East Lansing, MI Metro Area",29620,"Lansing-East Lansing, MI"
"Laramie, WY Micro Area",29660,"Laramie, WY"
"Laredo, TX Metro Area",29700,"Laredo, TX"
"Las Cruces, NM Metro Area",29740,"Las Cruces, NM"
"Las Vegas, NM Micro Area",29780,"Las Vegas, NM"
"Las Vegas-Henderson-Paradise, NV Metro Area",29820,"Las Vegas-Henderson-Paradise, NV"
"Laurel, MS Micro Area",29860,"Laurel, MS"
"Laurinburg, NC Micro Area",29900,"Laurinburg, NC"
"Lawrence, KS Metro Area",29940,"Lawrence, KS"
"Lawrenceburg, TN Micro Area",29980,"Lawrenceburg, TN"
"Lawton, OK Metro Area",30020,"Lawton, OK"
"Lebanon, MO Micro Area",30060,"Lebanon, MO"
"Lebanon, PA Metro Area",30140,"Lebanon, PA"
"Levelland, TX Micro Area",30220,"Levelland, TX"
"Lewisburg, PA Micro Area",30260,"Lewisburg, PA"
"Lewisburg, TN Micro Area",30280,"Lewisburg, TN"
"Lewiston, ID-WA Metro Area",30300,"Lewiston, ID-WA"
"Lewiston-Auburn, ME Metro Area",30340,"Lewiston-Auburn, ME"
"Lewistown, PA Micro Area",30380,"Lewistown, PA"
"Lexington, NE Micro Area",30420,"Lexington, NE"
"Lexington-Fayette, KY Metro Area",30460,"Lexington-Fayette, KY"
"Liberal, KS Micro Area",30580,"Liberal, KS"
"Lima, OH Metro Area",30620,"Lima, OH"
"Lincoln, IL Micro Area",30660,"Lincoln, IL"
"Lincoln, NE Metro Area",30700,"Lincoln, NE"
"Little Rock-North Little Rock-Conway, AR Metro Area",30780,"Little Rock-North Little Rock-Conway, AR"
"Lock Haven, PA Micro Area",30820,"Lock Haven, PA"
"Logan, UT-ID Metro Area",30860,"Logan, UT-ID"
"Logan, WV Micro Area",30880,"Logan, WV"
"Logansport, IN Micro Area",30900,"Logansport, IN"
"London, KY Micro Area",30940,"London, KY"
"Longview, TX Metro Area",30980,"Longview, TX"
"Longview, WA Metro Area",31020,"Longview, WA"
"Los Alamos, NM Micro Area",31060,"Los Alamos, NM"
"Los Angeles-Long Beach-Anaheim, CA Metro Area",31080,"Los Angeles-Long Beach-Anaheim, CA"
"Louisville/Jefferson County, KY-IN Metro Area",31140,"Louisville/Jefferson County, KY-IN"
"Lubbock, TX Metro Area",31180,"Lubbock, TX"
"Ludington, MI Micro Area",31220,"Ludington, MI"
"Lufkin, TX Micro Area",31260,"Lufkin, TX"
"Lumberton, NC Micro Area",31300,"Lumberton, NC"
"Lynchburg, VA Metro Area",31340,"Lynchburg, VA"
"Macomb, IL Micro Area",31380,"Macomb, IL"
"Macon-Bibb County, GA Metro Area",31420,"Macon-Bibb County, GA"
"Madera, CA Metro Area",31460,"Madera, CA"
"Madison, IN Micro Area",31500,"Madison, IN"
"Madison, WI Metro Area",31540,"Madison, WI"
"Madisonville, KY Micro Area",31580,"Madisonville, KY"
"Magnolia, AR Micro Area",31620,"Magnolia, AR"
"Malone, NY Micro Area",31660,"Malone, NY"
"Malvern, AR Micro Area",31680,"Malvern, AR"
"Manchester-Nashua, NH Metro Area",31700,"Manchester-Nashua, NH"
"Manhattan, KS Metro Area",31740,"Manhattan, KS"
"Manitowoc, WI Micro Area",31820,"Manitowoc, WI"
"Mankato-North Mankato, MN Metro Area",31860,"Mankato-North Mankato, MN"
"Mansfield, OH Metro Area",31900,"Mansfield, OH"
"Marietta, OH Micro Area",31930,"Marietta, OH"
"Marinette, WI-MI Micro Area",31940,"Marinette, WI-MI"
"Marion, IN Micro Area",31980,"Marion, IN"
"Marion, NC Micro Area",32000,"Marion, NC"
"Marion, OH Micro Area",32020,"Marion, OH"
"Marquette, MI Micro Area",32100,"Marquette, MI"
"Marshall, MN Micro Area",32140,"Marshall, MN"
"Marshall, MO Micro Area",32180,"Marshall, MO"
"Marshall, TX Micro Area",32220,"Marshall, TX"
"Marshalltown, IA Micro Area",32260,"Marshalltown, IA"
"Martin, TN Micro Area",32280,"Martin, TN"
"Martinsville, VA Micro Area",32300,"Martinsville, VA"
"Maryville, MO Micro Area",32340,"Maryville, MO"
"Mason City, IA Micro Area",32380,"Mason City, IA"
"Mayfield, KY Micro Area",32460,"Mayfield, KY"
"Maysville, KY Micro Area",32500,"Maysville, KY"
"McAlester, OK Micro Area",32540,"McAlester, OK"
"McAllen-Edinburg-Mission, TX Metro Area",32580,"McAllen-Edinburg-Mission, TX"
"McComb, MS Micro Area",32620,"McComb, MS"
"McMinnville, TN Micro Area",32660,"McMinnville, TN"
"McPherson, KS Micro Area",32700,"McPherson, KS"
"Meadville, PA Micro Area",32740,"Meadville, PA"
"Medford, OR Metro Area",32780,"Medford, OR"
"Memphis, TN-MS-AR Metro Area",32820,"Memphis, TN-MS-AR"
"Menomonie, WI Micro Area",32860,"Menomonie, WI"
"Merced, CA Metro Area",32900,"Merced, CA"
"Meridian, MS Micro Area",32940,"Meridian, MS"
"Merrill, WI Micro Area",32980,"Merrill, WI"
"Mexico, MO Micro Area",33020,"Mexico, MO"
"Miami, OK Micro Area",33060,"Miami, OK"
"Miami-Fort Lauderdale-Pompano Beach, FL Metro Area",33100,"Miami-Fort Lauderdale-Pompano Beach, FL"
"Michigan City-La Porte, IN Metro Area",33140,"Michigan City-La Porte, IN"
"Middlesborough, KY Micro Area",33180,"Middlesborough, KY"
"Midland, MI Metro Area",33220,"Midland, MI"
"Midland, TX Metro Area",33260,"Midland, TX"
"Milledgeville, GA Micro Area",33300,"Milledgeville, GA"
"Milwaukee-Waukesha-West Allis, WI Metro Area",33340,"Milwaukee-Waukesha-West Allis, WI"
"Mineral Wells, TX Micro Area",33420,"Mineral Wells, TX"
"Minneapolis-St. Paul-Bloomington, MN-WI Metro Area",33460,"Minneapolis-St. Paul-Bloomington, MN-WI"
"Minot, ND Micro Area",33500,"Minot, ND"
"Missoula, MT Metro Area",33540,"Missoula, MT"
"Mitchell, SD Micro Area",33580,"Mitchell, SD"
"Moberly, MO Micro Area",33620,"Moberly, MO"
"Mobile, AL Metro Area",33660,"Mobile, AL"
"Modesto, CA Metro Area",33700,"Modesto, CA"
"Monroe, LA Metro Area",33740,"Monroe, LA"
"Monroe, MI Metro Area",33780,"Monroe, MI"
"Montgomery, AL Metro Area",33860,"Montgomery, AL"
"Montrose, CO Micro Area",33940,"Montrose, CO"
"Morehead City, NC Micro Area",33980,"Morehead City, NC"
"Morgan City, LA Micro Area",34020,"Morgan City, LA"
"Morgantown, WV Metro Area",34060,"Morgantown, WV"
"Morristown, TN Metro Area",34100,"Morristown, TN"
"Moscow, ID Micro Area",34140,"Moscow, ID"
"Moses Lake, WA Micro Area",34180,"Moses Lake, WA"
"Moultrie, GA Micro Area",34220,"Moultrie, GA"
"Mountain Home, AR Micro Area",34260,"Mountain Home, AR"
"Mountain Home, ID Micro Area",34300,"Mountain Home, ID"
"Mount Airy, NC Micro Area",34340,"Mount Airy, NC"
"Mount Pleasant, MI Micro Area",34380,"Mount Pleasant, MI"
"Mount Pleasant, TX Micro Area",34420,"Mount Pleasant, TX"
"Mount Sterling, KY Micro Area",34460,"Mount Sterling, KY"
"Mount Vernon, IL Micro Area",34500,"Mount Vernon, IL"
"Mount Vernon, OH Micro Area",34540,"Mount Vernon, OH"
"Mount Vernon-Anacortes, WA Metro Area",34580,"Mount Vernon-Anacortes, WA"
"Muncie, IN Metro Area",34620,"Muncie, IN"
"Murray, KY Micro Area",34660,"Murray, KY"
"Muscatine, IA Micro Area",34700,"Muscatine, IA"
"Muskegon, MI Metro Area",34740,"Muskegon, MI"
"Muskogee, OK Micro Area",34780,"Muskogee, OK"
"Myrtle Beach-Conway-North Myrtle Beach, SC-NC Metro Area",34820,"Myrtle Beach-Conway-North Myrtle Beach, SC-NC"
"Nacogdoches, TX Micro Area",34860,"Nacogdoches, TX"
"Napa, CA Metro Area",34900,"Napa, CA"
"Naples-Immokalee-Marco Island, FL Metro Area",34940,"Naples-Immokalee-Marco Island, FL"
"Nashville-Davidson--Murfreesboro--Franklin, TN Metro Area",34980,"Nashville-Davidson--Murfreesboro--Franklin, TN"
"Natchez, MS-LA Micro Area",35020,"Natchez, MS-LA"
"Natchitoches, LA Micro Area",35060,"Natchitoches, LA"
"New Bern, NC Metro Area",35100,"New Bern, NC"
"Newberry, SC Micro Area",35140,"Newberry, SC"
"New Castle, IN Micro Area",35220,"New Castle, IN"
"New Castle, PA Micro Area",35260,"New Castle, PA"
"New Haven-Milford, CT Metro Area",35300,"New Haven-Milford, CT"
"New Orleans-Metairie, LA Metro Area",35380,"New Orleans-Metairie, LA"
"New Philadelphia-Dover, OH Micro Area",35420,"New Philadelphia-Dover, OH"
"Newport, OR Micro Area",35440,"Newport, OR"
"Newport, TN Micro Area",35460,"Newport, TN"
"Newton, IA Micro Area",35500,"Newton, IA"
"New Ulm, MN Micro Area",35580,"New Ulm, MN"
"New York-Newark-Jersey City, NY-NJ-PA Metro Area",35620,"New York-Newark-Jersey City, NY-NJ-PA"
"Niles-Benton Harbor, MI Metro Area",35660,"Niles-Benton Harbor, MI"
"Nogales, AZ Micro Area",35700,"Nogales, AZ"
"Norfolk, NE Micro Area",35740,"Norfolk, NE"
"North Platte, NE Micro Area",35820,"North Platte, NE"
"North Port-Sarasota-Bradenton, FL Metro Area",35840,"North Port-Sarasota-Bradenton, FL"
"North Vernon, IN Micro Area",35860,"North Vernon, IN"
"North Wilkesboro, NC Micro Area",35900,"North Wilkesboro, NC"
"Norwalk, OH Micro Area",35940,"Norwalk, OH"
"Norwich-New London, CT Metro Area",35980,"Norwich-New London, CT"
"Oak Harbor, WA Micro Area",36020,"Oak Harbor, WA"
"Ocala, FL Metro Area",36100,"Ocala, FL"
"Ocean City, NJ Metro Area",36140,"Ocean City, NJ"
"Odessa, TX Metro Area",36220,"Odessa, TX"
"Ogden-Clearfield, UT Metro Area",36260,"Ogden-Clearfield, UT"
"Ogdensburg-Massena, NY Micro Area",36300,"Ogdensburg-Massena, NY"
"Oil City, PA Micro Area",36340,"Oil City, PA"
"Okeechobee, FL Micro Area",36380,"Okeechobee, FL"
"Oklahoma City, OK Metro Area",36420,"Oklahoma City, OK"
"Olean, NY Micro Area",36460,"Olean, NY"
"Olympia-Tumwater, WA Metro Area",36500,"Olympia-Tumwater, WA"
"Omaha-Council Bluffs, NE-IA Metro Area",36540,"Omaha-Council Bluffs, NE-IA"
"Oneonta, NY Micro Area",36580,"Oneonta, NY"
"Ontario, OR-ID Micro Area",36620,"Ontario, OR-ID"
"Opelousas, LA Micro Area",36660,"Opelousas, LA"
"Orangeburg, SC Micro Area",36700,"Orangeburg, SC"
"Orlando-Kissimmee-Sanford, FL Metro Area",36740,"Orlando-Kissimmee-Sanford, FL"
"Oshkosh-Neenah, WI Metro Area",36780,"Oshkosh-Neenah, WI"
"Oskaloosa, IA Micro Area",36820,"Oskaloosa, IA"
"Othello, WA Micro Area",36830,"Othello, WA"
"Ottawa, KS Micro Area",36840,"Ottawa, KS"
"Ottawa-Peru, IL Micro Area",36860,"Ottawa-Peru, IL"
"Ottumwa, IA Micro Area",36900,"Ottumwa, IA"
"Owatonna, MN Micro Area",36940,"Owatonna, MN"
"Owensboro, KY Metro Area",36980,"Owensboro, KY"
"Owosso, MI Micro Area",37020,"Owosso, MI"
"Oxford, MS Micro Area",37060,"Oxford, MS"
"Oxford, NC Micro Area",37080,"Oxford, NC"
"Oxnard-Thousand Oaks-Ventura, CA Metro Area",37100,"Oxnard-Thousand Oaks-Ventura, CA"
"Ozark, AL Micro Area",37120,"Ozark, AL"
"Paducah, KY-IL Micro Area",37140,"Paducah, KY-IL"
"Pahrump, NV Micro Area",37220,"Pahrump, NV"
"Palatka, FL Micro Area",37260,"Palatka, FL"
"Palestine, TX Micro Area",37300,"Palestine, TX"
"Palm Bay-Melbourne-Titusville, FL Metro Area",37340,"Palm Bay-Melbourne-Titusville, FL"
"Pampa, TX Micro Area",37420,"Pampa, TX"
"Panama City, FL Metro Area",37460,"Panama City, FL"
"Paragould, AR Micro Area",37500,"Paragould, AR"
"Paris, TN Micro Area",37540,"Paris, TN"
"Paris, TX Micro Area",37580,"Paris, TX"
"Parkersburg-Vienna, WV Metro Area",37620,"Parkersburg-Vienna, WV"
"Parsons, KS Micro Area",37660,"Parsons, KS"
"Payson, AZ Micro Area",37740,"Payson, AZ"
"Pecos, TX Micro Area",37780,"Pecos, TX"
"Pella, IA Micro Area",37800,"Pella, IA"
"Pensacola-Ferry Pass-Brent, FL Metro Area",37860,"Pensacola-Ferry Pass-Brent, FL"
"Peoria, IL Metro Area",37900,"Peoria, IL"
"Peru, IN Micro Area",37940,"Peru, IN"
"Philadelphia-Camden-Wilmington, PA-NJ-DE-MD Metro Area",37980,"Philadelphia-Camden-Wilmington, PA-NJ-DE-MD"
"Phoenix-Mesa-Scottsdale, AZ Metro Area",38060,"Phoenix-Mesa-Scottsdale, AZ"
"Picayune, MS Micro Area",38100,"Picayune, MS"
"Pierre, SD Micro Area",38180,"Pierre, SD"
"Pine Bluff, AR Metro Area",38220,"Pine Bluff, AR"
"Pinehurst-Southern Pines, NC Micro Area",38240,"Pinehurst-Southern Pines, NC"
"Pittsburg, KS Micro Area",38260,"Pittsburg, KS"
"Pittsburgh, PA Metro Area",38300,"Pittsburgh, PA"
"Pittsfield, MA Metro Area",38340,"Pittsfield, MA"
"Plainview, TX Micro Area",38380,"Plainview, TX"
"Platteville, WI Micro Area",38420,"Platteville, WI"
"Plattsburgh, NY Micro Area",38460,"Plattsburgh, NY"
"Plymouth, IN Micro Area",38500,"Plymouth, IN"
"Pocatello, ID Metro Area",38540,"Pocatello, ID"
"Point Pleasant, WV-OH Micro Area",38580,"Point Pleasant, WV-OH"
"Ponca City, OK Micro Area",38620,"Ponca City, OK"
"Pontiac, IL Micro Area",38700,"Pontiac, IL"
"Poplar Bluff, MO Micro Area",38740,"Poplar Bluff, MO"
"Portales, NM Micro Area",38780,"Portales, NM"
"Port Angeles, WA Micro Area",38820,"Port Angeles, WA"
"Port Clinton, OH Micro Area",38840,"Port Clinton, OH"
"Portland-South Portland, ME Metro Area",38860,"Portland-South Portland, ME"
"Portland-Vancouver-Hillsboro, OR-WA Metro Area",38900,"Portland-Vancouver-Hillsboro, OR-WA"
"Port Lavaca, TX Micro Area",38920,"Port Lavaca, TX"
"Port St. Lucie, FL Metro Area",38940,"Port St. Lucie, FL"
"Portsmouth, OH Micro Area",39020,"Portsmouth, OH"
"Pottsville, PA Micro Area",39060,"Pottsville, PA"
"Prescott, AZ Metro Area",39140,"Prescott, AZ"
"Price, UT Micro Area",39220,"Price, UT"
"Prineville, OR Micro Area",39260,"Prineville, OR"
"Providence-Warwick, RI-MA Metro Area",39300,"Providence-Warwick, RI-MA"
"Provo-Orem, UT Metro Area",39340,"Provo-Orem, UT"
"Pueblo, CO Metro Area",39380,"Pueblo, CO"
"Pullman, WA Micro Area",39420,"Pullman, WA"
"Punta Gorda, FL Metro Area",39460,"Punta Gorda, FL"
"Quincy, IL-MO Micro Area",39500,"Quincy, IL-MO"
"Racine, WI Metro Area",39540,"Racine, WI"
"Raleigh, NC Metro Area",39580,"Raleigh, NC"
"Rapid City, SD Metro Area",39660,"Rapid City, SD"
"Raymondville, TX Micro Area",39700,"Raymondville, TX"
"Reading, PA Metro Area",39740,"Reading, PA"
"Red Bluff, CA Micro Area",39780,"Red Bluff, CA"
"Redding, CA Metro Area",39820,"Redding, CA"
"Red Wing, MN Micro Area",39860,"Red Wing, MN"
"Reno, NV Metro Area",39900,"Reno, NV"
"Rexburg, ID Micro Area",39940,"Rexburg, ID"
"Richmond, IN Micro Area",39980,"Richmond, IN"
"Richmond, VA Metro Area",40060,"Richmond, VA"
"Richmond-Berea, KY Micro Area",40080,"Richmond-Berea, KY"
"Rio Grande City, TX Micro Area",40100,"Rio Grande City, TX"
"Riverside-San Bernardino-Ontario, CA Metro Area",40140,"Riverside-San Bernardino-Ontario, CA"
"Riverton, WY Micro Area",40180,"Riverton, WY"
"Roanoke, VA Metro Area",40220,"Roanoke, VA"
"Roanoke Rapids, NC Micro Area",40260,"Roanoke Rapids, NC"
"Rochelle, IL Micro Area",40300,"Rochelle, IL"
"Rochester, MN Metro Area",40340,"Rochester, MN"
"Rochester, NY Metro Area",40380,"Rochester, NY"
"Rockford, IL Metro Area",40420,"Rockford, IL"
"Rockingham, NC Micro Area",40460,"Rockingham, NC"
"Rock Springs, WY Micro Area",40540,"Rock Springs, WY"
"Rocky Mount, NC Metro Area",40580,"Rocky Mount, NC"
"Rolla, MO Micro Area",40620,"Rolla, MO"
"Rome, GA Metro Area",40660,"Rome, GA"
"Roseburg, OR Micro Area",40700,"Roseburg, OR"
"Roswell, NM Micro Area",40740,"Roswell, NM"
"Ruidoso, NM Micro Area",40760,"Ruidoso, NM"
"Russellville, AR Micro Area",40780,"Russellville, AR"
"Ruston, LA Micro Area",40820,"Ruston, LA"
"Rutland, VT Micro Area",40860,"Rutland, VT"
"Sacramento--Roseville--Arden-Arcade, CA Metro Area",40900,"Sacramento--Roseville--Arden-Arcade, CA"
"Safford, AZ Micro Area",40940,"Safford, AZ"
"Saginaw, MI Metro Area",40980,"Saginaw, MI"
"St. Cloud, MN Metro Area",41060,"St. Cloud, MN"
"St. George, UT Metro Area",41100,"St. George, UT"
"St. Joseph, MO-KS Metro Area",41140,"St. Joseph, MO-KS"
"St. Louis, MO-IL Metro Area",41180,"St. Louis, MO-IL"
"St. Marys, GA Micro Area",41220,"St. Marys, GA"
"St. Marys, PA Micro Area",41260,"St. Marys, PA"
"Salem, OH Micro Area",41400,"Salem, OH"
"Salem, OR Metro Area",41420,"Salem, OR"
"Salina, KS Micro Area",41460,"Salina, KS"
"Salinas, CA Metro Area",41500,"Salinas, CA"
"Salisbury, MD-DE Metro Area",41540,"Salisbury, MD-DE"
"Salt Lake City, UT Metro Area",41620,"Salt Lake City, UT"
"San Angelo, TX Metro Area",41660,"San Angelo, TX"
"San Antonio-New Braunfels, TX Metro Area",41700,"San Antonio-New Braunfels, TX"
"San Diego-Carlsbad, CA Metro Area",41740,"San Diego-Carlsbad, CA"
"Sandpoint, ID Micro Area",41760,"Sandpoint, ID"
"Sandusky, OH Micro Area",41780,"Sandusky, OH"
"Sanford, NC Micro Area",41820,"Sanford, NC"
"San Francisco-Oakland-Berkeley, CA Metro Area",41860,"San Francisco-Oakland-Berkeley, CA"
"San Jose-Sunnyvale-Santa Clara, CA Metro Area",41940,"San Jose-Sunnyvale-Santa Clara, CA"
"San Luis Obispo-Paso Robles-Arroyo Grande, CA Metro Area",42020,"San Luis Obispo-Paso Robles-Arroyo Grande, CA"
"Santa Cruz-Watsonville, CA Metro Area",42100,"Santa Cruz-Watsonville, CA"
"Santa Fe, NM Metro Area",42140,"Santa Fe, NM"
"Santa Maria-Santa Barbara, CA Metro Area",42200,"Santa Maria-Santa Barbara, CA"
"Santa Rosa, CA Metro Area",42220,"Santa Rosa, CA"
"Sault Ste. Marie, MI Micro Area",42300,"Sault Ste. Marie, MI"
"Savannah, GA Metro Area",42340,"Savannah, GA"
"Sayre, PA Micro Area",42380,"Sayre, PA"
"Scottsbluff, NE Micro Area",42420,"Scottsbluff, NE"
"Scottsboro, AL Micro Area",42460,"Scottsboro, AL"
"Scranton--Wilkes-Barre--Hazleton, PA Metro Area",42540,"Scranton--Wilkes-Barre--Hazleton, PA"
"Searcy, AR Micro Area",42620,"Searcy, AR"
"Seattle-Tacoma-Bellevue, WA Metro Area",42660,"Seattle-Tacoma-Bellevue, WA"
"Sebastian-Vero Beach, FL Metro Area",42680,"Sebastian-Vero Beach, FL"
"Sebring, FL Metro Area",42700,"Sebring, FL"
"Sedalia, MO Micro Area",42740,"Sedalia, MO"
"Selinsgrove, PA Micro Area",42780,"Selinsgrove, PA"
"Selma, AL Micro Area",42820,"Selma, AL"
"Seneca, SC Micro Area",42860,"Seneca, SC"
"Seneca Falls, NY Micro Area",42900,"Seneca Falls, NY"
"Sevierville, TN Micro Area",42940,"Sevierville, TN"
"Seymour, IN Micro Area",42980,"Seymour, IN"
"Shawano, WI Micro Area",43020,"Shawano, WI"
"Shawnee, OK Micro Area",43060,"Shawnee, OK"
"Sheboygan, WI Metro Area",43100,"Sheboygan, WI"
"Shelby, NC Micro Area",43140,"Shelby, NC"
"Shelbyville, TN Micro Area",43180,"Shelbyville, TN"
"Shelton, WA Micro Area",43220,"Shelton, WA"
"Sheridan, WY Micro Area",43260,"Sheridan, WY"
"Sherman-Denison, TX Metro Area",43300,"Sherman-Denison, TX"
"Show Low, AZ Micro Area",43320,"Show Low, AZ"
"Shreveport-Bossier City, LA Metro Area",43340,"Shreveport-Bossier City, LA"
"Sidney, OH Micro Area",43380,"Sidney, OH"
"Sierra Vista-Douglas, AZ Metro Area",43420,"Sierra Vista-Douglas, AZ"
"Sikeston, MO Micro Area",43460,"Sikeston, MO"
"Silver City, NM Micro Area",43500,"Silver City, NM"
"Sioux City, IA-NE-SD Metro Area",43580,"Sioux City, IA-NE-SD"
"Sioux Falls, SD Metro Area",43620,"Sioux Falls, SD"
"Snyder, TX Micro Area",43660,"Snyder, TX"
"Somerset, KY Micro Area",43700,"Somerset, KY"
"Somerset, PA Micro Area",43740,"Somerset, PA"
"Sonora, CA Micro Area",43760,"Sonora, CA"
"South Bend-Mishawaka, IN-MI Metro Area",43780,"South Bend-Mishawaka, IN-MI"
"Spartanburg, SC Metro Area",43900,"Spartanburg, SC"
"Spearfish, SD Micro Area",43940,"Spearfish, SD"
"Spencer, IA Micro Area",43980,"Spencer, IA"
"Spirit Lake, IA Micro Area",44020,"Spirit Lake, IA"
"Spokane-Spokane Valley, WA Metro Area",44060,"Spokane-Spokane Valley, WA"
"Springfield, IL Metro Area",44100,"Springfield, IL"
"Springfield, MA Metro Area",44140,"Springfield, MA"
"Springfield, MO Metro Area",44180,"Springfield, MO"
"Springfield, OH Metro Area",44220,"Springfield, OH"
"Starkville, MS Micro Area",44260,"Starkville, MS"
"State College, PA Metro Area",44300,"State College, PA"
"Statesboro, GA Micro Area",44340,"Statesboro, GA"
"Staunton-Waynesboro, VA Metro Area",44420,"Staunton-Waynesboro, VA"
"Steamboat Springs, CO Micro Area",44460,"Steamboat Springs, CO"
"Stephenville, TX Micro Area",44500,"Stephenville, TX"
"Sterling, CO Micro Area",44540,"Sterling, CO"
"Sterling, IL Micro Area",44580,"Sterling, IL"
"Stevens Point, WI Micro Area",44620,"Stevens Point, WI"
"Stillwater, OK Micro Area",44660,"Stillwater, OK"
"Stockton-Lodi, CA Metro Area",44700,"Stockton-Lodi, CA"
"Storm Lake, IA Micro Area",44740,"Storm Lake, IA"
"Sturgis, MI Micro Area",44780,"Sturgis, MI"
"Sulphur Springs, TX Micro Area",44860,"Sulphur Springs, TX"
"Summerville, GA Micro Area",44900,"Summerville, GA"
"Summit Park, UT Micro Area",44920,"Summit Park, UT"
"Sumter, SC Metro Area",44940,"Sumter, SC"
"Sunbury, PA Micro Area",44980,"Sunbury, PA"
"Susanville, CA Micro Area",45000,"Susanville, CA"
"Sweetwater, TX Micro Area",45020,"Sweetwater, TX"
"Syracuse, NY Metro Area",45060,"Syracuse, NY"
"Tahlequah, OK Micro Area",45140,"Tahlequah, OK"
"Talladega-Sylacauga, AL Micro Area",45180,"Talladega-Sylacauga, AL"
"Tallahassee, FL Metro Area",45220,"Tallahassee, FL"
"Tampa-St. Petersburg-Clearwater, FL Metro Area",45300,"Tampa-St. Petersburg-Clearwater, FL"
"Taos, NM Micro Area",45340,"Taos, NM"
"Taylorville, IL Micro Area",45380,"Taylorville, IL"
"Terre Haute, IN Metro Area",45460,"Terre Haute, IN"
"Texarkana, TX-AR Metro Area",45500,"Texarkana, TX-AR"
"The Dalles, OR Micro Area",45520,"The Dalles, OR"
"The Villages, FL Metro Area",45540,"The Villages, FL"
"Thomaston, GA Micro Area",45580,"Thomaston, GA"
"Thomasville, GA Micro Area",45620,"Thomasville, GA"
"Tiffin, OH Micro Area",45660,"Tiffin, OH"
"Tifton, GA Micro Area",45700,"Tifton, GA"
"Toccoa, GA Micro Area",45740,"Toccoa, GA"
"Toledo, OH Metro Area",45780,"Toledo, OH"
"Topeka, KS Metro Area",45820,"Topeka, KS"
"Torrington, CT Micro Area",45860,"Torrington, CT"
"Traverse City, MI Micro Area",45900,"Traverse City, MI"
"Trenton, NJ Metro Area",45940,"Trenton, NJ"
"Troy, AL Micro Area",45980,"Troy, AL"
"Truckee-Grass Valley, CA Micro Area",46020,"Truckee-Grass Valley, CA"
"Tucson, AZ Metro Area",46060,"Tucson, AZ"
"Tullahoma-Manchester, TN Micro Area",46100,"Tullahoma-Manchester, TN"
"Tulsa, OK Metro Area",46140,"Tulsa, OK"
"Tupelo, MS Micro Area",46180,"Tupelo, MS"
"Tuscaloosa, AL Metro Area",46220,"Tuscaloosa, AL"
"Twin Falls, ID Micro Area",46300,"Twin Falls, ID"
"Tyler, TX Metro Area",46340,"Tyler, TX"
"Ukiah, CA Micro Area",46380,"Ukiah, CA"
"Union City, TN-KY Micro Area",46460,"Union City, TN-KY"
"Urbana, OH Micro Area",46500,"Urbana, OH"
"Urban Honolulu, HI Metro Area",46520,"Urban Honolulu, HI"
"Utica-Rome, NY Metro Area",46540,"Utica-Rome, NY"
"Uvalde, TX Micro Area",46620,"Uvalde, TX"
"Valdosta, GA Metro Area",46660,"Valdosta, GA"
"Vallejo-Fairfield, CA Metro Area",46700,"Vallejo-Fairfield, CA"
"Valley, AL Micro Area",46740,"Valley, AL"
"Van Wert, OH Micro Area",46780,"Van Wert, OH"
"Vermillion, SD Micro Area",46820,"Vermillion, SD"
"Vernal, UT Micro Area",46860,"Vernal, UT"
"Vernon, TX Micro Area",46900,"Vernon, TX"
"Vicksburg, MS Micro Area",46980,"Vicksburg, MS"
"Victoria, TX Metro Area",47020,"Victoria, TX"
"Vidalia, GA Micro Area",47080,"Vidalia, GA"
"Vincennes, IN Micro Area",47180,"Vincennes, IN"
"Vineland-Bridgeton, NJ Metro Area",47220,"Vineland-Bridgeton, NJ"
"Vineyard Haven, MA Micro Area",47240,"Vineyard Haven, MA"
"Virginia Beach-Norfolk-Newport News, VA-NC Metro Area",47260,"Virginia Beach-Norfolk-Newport News, VA-NC"
"Visalia-Porterville, CA Metro Area",47300,"Visalia-Porterville, CA"
"Wabash, IN Micro Area",47340,"Wabash, IN"
"Waco, TX Metro Area",47380,"Waco, TX"
"Wahpeton, ND-MN Micro Area",47420,"Wahpeton, ND-MN"
"Walla Walla, WA Metro Area",47460,"Walla Walla, WA"
"Wapakoneta, OH Micro Area",47540,"Wapakoneta, OH"
"Warner Robins, GA Metro Area",47580,"Warner Robins, GA"
"Warren, PA Micro Area",47620,"Warren, PA"
"Warrensburg, MO Micro Area",47660,"Warrensburg, MO"
"Warsaw, IN Micro Area",47700,"Warsaw, IN"
"Washington, IN Micro Area",47780,"Washington, IN"
"Washington, NC Micro Area",47820,"Washington, NC"
"Washington-Arlington-Alexandria, DC-VA-MD-WV Metro Area",47900,"Washington-Arlington-Alexandria, DC-VA-MD-WV"
"Washington Court House, OH Micro Area",47920,"Washington Court House, OH"
"Waterloo-Cedar Falls, IA Metro Area",47940,"Waterloo-Cedar Falls, IA"
"Watertown, SD Micro Area",47980,"Watertown, SD"
"Watertown-Fort Atkinson, WI Micro Area",48020,"Watertown-Fort Atkinson, WI"
"Watertown-Fort Drum, NY Metro Area",48060,"Watertown-Fort Drum, NY"
"Wauchula, FL Micro Area",48100,"Wauchula, FL"
"Wausau, WI Metro Area",48140,"Wausau, WI"
"Waycross, GA Micro Area",48180,"Waycross, GA"
"Weatherford, OK Micro Area",48220,"Weatherford, OK"
"Weirton-Steubenville, WV-OH Metro Area",48260,"Weirton-Steubenville, WV-OH"
"Wenatchee, WA Metro Area",48300,"Wenatchee, WA"
"West Plains, MO Micro Area",48460,"West Plains, MO"
"West Point, MS Micro Area",48500,"West Point, MS"
"Wheeling, WV-OH Metro Area",48540,"Wheeling, WV-OH"
"Whitewater-Elkhorn, WI Micro Area",48580,"Whitewater-Elkhorn, WI"
"Wichita, KS Metro Area",48620,"Wichita, KS"
"Wichita Falls, TX Metro Area",48660,"Wichita Falls, TX"
"Williamsport, PA Metro Area",48700,"Williamsport, PA"
"Williston, ND Micro Area",48780,"Williston, ND"
"Willmar, MN Micro Area",48820,"Willmar, MN"
"Wilmington, NC Metro Area",48900,"Wilmington, NC"
"Wilmington, OH Micro Area",48940,"Wilmington, OH"
"Wilson, NC Micro Area",48980,"Wilson, NC"
"Winchester, VA-WV Metro Area",49020,"Winchester, VA-WV"
"Winnemucca, NV Micro Area",49080,"Winnemucca, NV"
"Winona, MN Micro Area",49100,"Winona, MN"
"Winston-Salem, NC Metro Area",49180,"Winston-Salem, NC"
"Wisconsin Rapids-Marshfield, WI Micro Area",49220,"Wisconsin Rapids-Marshfield, WI"
"Woodward, OK Micro Area",49260,"Woodward, OK"
"Wooster, OH Micro Area",49300,"Wooster, OH"
"Worcester, MA-CT Metro Area",49340,"Worcester, MA-CT"
"Worthington, MN Micro Area",49380,"Worthington, MN"
"Yakima, WA Metro Area",49420,"Yakima, WA"
"Yankton, SD Micro Area",49460,"Yankton, SD"
"York-Hanover, PA Metro Area",49620,"York-Hanover, PA"
"Youngstown-Warren-Boardman, OH-PA Metro Area",49660,"Youngstown-Warren-Boardman, OH-PA"
"Yuba City, CA Metro Area",49700,"Yuba City, CA"
"Yuma, AZ Metro Area",49740,"Yuma, AZ"
"Zanesville, OH Micro Area",49780,"Zanesville, OH"
"Zapata, TX Micro Area",49820,"Zapata, TX"
